INSERT INTO `account` (`id`, `fullname`, `email`, `password`, `avatar`) VALUES
(1, 'Vũ Duy Tiến', 'vuduytien@gmail.com', '123456789', NULL),
(2, 'Nguyễn Minh Trung', 'nguyenminhtrung@gmail.com', '123456789', NULL);

INSERT INTO `topic` (`id`, `name`, `description`, `account`) VALUES
(1, 'hóa học', 'Không có mô tả', 1),
(2, 'sinh học', 'không có mô tả', 2),
(3, 'Toán', 'Chủ đề toán', 2),
(4, 'Tin học', 'Chủ đề tin học', 2);

INSERT INTO `question` (`id`, `content`, `topic`) VALUES
(2, 'Đây là câu hỏi 2', 1),
(3, 'Đây là câu hỏi sinh 1', 2),
(5, 'Câu hỏi dễ nhất là gì?', 4),
(6, 'Câu hỏi khó nhất là gì?', 4),
(7, 'Hình vuông có mấy cạnh?', 3),
(8, 'Hình tam giác có mấy cạnh?', 3),
(9, 'Nguyễn Minh Trung - Toán - Câu 1?', 3),
(10, 'Nguyễn Minh Trung - Toán - Câu 2?', 3),
(11, 'Nguyễn Minh Trung - Toán - Câu 3?', 3),
(12, 'Nguyễn Minh Trung - Toán - Câu 4?', 3),
(13, 'Nguyễn Minh Trung - Toán - Câu 5?', 3),
(14, 'Nguyễn Minh Trung - Toán - Câu 6?', 3),
(15, 'Nguyễn Minh Trung - Toán - Câu 7?', 3),
(16, 'Nguyễn Minh Trung - Toán - Câu 8?', 3),
(17, 'Nguyễn Minh Trung - Toán - Câu 9?', 3),
(18, 'Nguyễn Minh Trung - Toán - Câu 10?', 3),
(19, 'Nguyễn Minh Trung - Toán - Câu 11?', 3),
(20, 'Nguyễn Minh Trung - Toán - Câu 12?', 3),
(21, 'Nguyễn Minh Trung - Toán - Câu 13?', 3),
(22, 'Nguyễn Minh Trung - Toán - Câu 14?', 3),
(23, 'Nguyễn Minh Trung - Toán - Câu 15?', 3),
(24, 'Nguyễn Minh Trung - Toán - Câu 16?', 3),
(25, 'Nguyễn Minh Trung - Toán - Câu 17?', 3),
(26, 'Nguyễn Minh Trung - Toán - Câu 18?', 3),
(27, 'Nguyễn Minh Trung - Toán - Câu 19?', 3),
(28, 'Nguyễn Minh Trung - Toán - Câu 20?', 3);

INSERT INTO `answer` (`id`, `content`, `isRight`, `question`) VALUES
(3, 'Đáp án A', 0, 3),
(4, 'Đáp án B', 1, 3),
(5, '4 cạnh', 1, 7),
(6, '5 cạnh', 0, 7),
(7, '2 cạnh', 0, 7),
(8, '3 cạnh', 0, 7),
(9, 'Tam giác có 2 cạnh', 0, 8),
(10, 'Hình tam giác có 10 cạnh', 0, 8),
(11, 'Tam giác có 4 cạnh', 0, 8),
(12, 'Tam giác có 3 cạnh', 1, 8),
(13, 'Nguyễn Minh Trung - Toán - Đáp án A', 1, 9),
(14, 'Nguyễn Minh Trung - Toán - Đáp án B', 0, 9),
(15, 'Nguyễn Minh Trung - Toán - Đáp án C', 0, 9),
(16, 'Nguyễn Minh Trung - Toán - Đáp án D', 0, 9),
(17, 'Nguyễn Minh Trung - Toán - Đáp án A', 0, 10),
(18, 'Nguyễn Minh Trung - Toán - Đáp án B', 1, 10),
(19, 'Nguyễn Minh Trung - Toán - Đáp án C', 0, 10),
(20, 'Nguyễn Minh Trung - Toán - Đáp án D', 0, 10),
(21, 'Nguyễn Minh Trung - Toán - Đáp án A', 0, 11),
(22, 'Nguyễn Minh Trung - Toán - Đáp án B', 0, 11),
(23, 'Nguyễn Minh Trung - Toán - Đáp án C', 1, 11),
(24, 'Nguyễn Minh Trung - Toán - Đáp án D', 0, 11),
(25, 'Nguyễn Minh Trung - Toán - Đáp án A', 0, 12),
(26, 'Nguyễn Minh Trung - Toán - Đáp án B', 0, 12),
(27, 'Nguyễn Minh Trung - Toán - Đáp án C', 0, 12),
(28, 'Nguyễn Minh Trung - Toán - Đáp án D', 1, 12),
(29, 'Nguyễn Minh Trung - Toán - Đáp án A', 1, 13),
(30, 'Nguyễn Minh Trung - Toán - Đáp án B', 0, 13),
(31, 'Nguyễn Minh Trung - Toán - Đáp án C', 0, 13),
(32, 'Nguyễn Minh Trung - Toán - Đáp án D', 0, 13),
(33, 'Nguyễn Minh Trung - Toán - Đáp án A', 0, 14),
(34, 'Nguyễn Minh Trung - Toán - Đáp án B', 1, 14),
(35, 'Nguyễn Minh Trung - Toán - Đáp án C', 0, 14),
(36, 'Nguyễn Minh Trung - Toán - Đáp án D', 0, 14),
(37, 'Nguyễn Minh Trung - Toán - Đáp án A', 0, 15),
(38, 'Nguyễn Minh Trung - Toán - Đáp án B', 0, 15),
(39, 'Nguyễn Minh Trung - Toán - Đáp án C', 1, 15),
(40, 'Nguyễn Minh Trung - Toán - Đáp án D', 0, 15),
(41, 'Nguyễn Minh Trung - Toán - Đáp án A', 0, 16),
(42, 'Nguyễn Minh Trung - Toán - Đáp án B', 0, 16),
(43, 'Nguyễn Minh Trung - Toán - Đáp án C', 0, 16),
(44, 'Nguyễn Minh Trung - Toán - Đáp án D', 1, 16),
(45, 'Nguyễn Minh Trung - Toán - Đáp án A', 1, 17),
(46, 'Nguyễn Minh Trung - Toán - Đáp án B', 0, 17),
(47, 'Nguyễn Minh Trung - Toán - Đáp án C', 0, 17),
(48, 'Nguyễn Minh Trung - Toán - Đáp án D', 0, 17),
(49, 'Nguyễn Minh Trung - Toán - Đáp án A', 0, 18),
(50, 'Nguyễn Minh Trung - Toán - Đáp án B', 1, 18),
(51, 'Nguyễn Minh Trung - Toán - Đáp án C', 0, 18),
(52, 'Nguyễn Minh Trung - Toán - Đáp án D', 0, 18),
(53, 'Nguyễn Minh Trung - Toán - Đáp án A', 0, 19),
(54, 'Nguyễn Minh Trung - Toán - Đáp án B', 0, 19),
(55, 'Nguyễn Minh Trung - Toán - Đáp án C', 1, 19),
(56, 'Nguyễn Minh Trung - Toán - Đáp án D', 0, 19),
(57, 'Nguyễn Minh Trung - Toán - Đáp án A', 0, 20),
(58, 'Nguyễn Minh Trung - Toán - Đáp án B', 0, 20),
(59, 'Nguyễn Minh Trung - Toán - Đáp án C', 0, 20),
(60, 'Nguyễn Minh Trung - Toán - Đáp án D', 1, 20),
(61, 'Nguyễn Minh Trung - Toán - Đáp án A', 1, 21),
(62, 'Nguyễn Minh Trung - Toán - Đáp án B', 0, 21),
(63, 'Nguyễn Minh Trung - Toán - Đáp án C', 0, 21),
(64, 'Nguyễn Minh Trung - Toán - Đáp án D', 0, 21),
(65, 'Nguyễn Minh Trung - Toán - Đáp án A', 0, 22),
(66, 'Nguyễn Minh Trung - Toán - Đáp án B', 1, 22),
(67, 'Nguyễn Minh Trung - Toán - Đáp án C', 0, 22),
(68, 'Nguyễn Minh Trung - Toán - Đáp án D', 0, 22),
(69, 'Nguyễn Minh Trung - Toán - Đáp án A', 0, 23),
(70, 'Nguyễn Minh Trung - Toán - Đáp án B', 0, 23),
(71, 'Nguyễn Minh Trung - Toán - Đáp án C', 1, 23),
(72, 'Nguyễn Minh Trung - Toán - Đáp án D', 0, 23),
(73, 'Nguyễn Minh Trung - Toán - Đáp án A', 0, 24),
(74, 'Nguyễn Minh Trung - Toán - Đáp án B', 0, 24),
(75, 'Nguyễn Minh Trung - Toán - Đáp án C', 0, 24),
(76, 'Nguyễn Minh Trung - Toán - Đáp án D', 1, 24),
(77, 'Nguyễn Minh Trung - Toán - Đáp án A', 1, 25),
(78, 'Nguyễn Minh Trung - Toán - Đáp án B', 0, 25),
(79, 'Nguyễn Minh Trung - Toán - Đáp án C', 0, 25),
(80, 'Nguyễn Minh Trung - Toán - Đáp án D', 0, 25),
(81, 'Nguyễn Minh Trung - Toán - Đáp án A', 0, 26),
(82, 'Nguyễn Minh Trung - Toán - Đáp án B', 1, 26),
(83, 'Nguyễn Minh Trung - Toán - Đáp án C', 0, 26),
(84, 'Nguyễn Minh Trung - Toán - Đáp án D', 0, 26),
(85, 'Nguyễn Minh Trung - Toán - Đáp án A', 0, 27),
(86, 'Nguyễn Minh Trung - Toán - Đáp án B', 0, 27),
(87, 'Nguyễn Minh Trung - Toán - Đáp án C', 1, 27),
(88, 'Nguyễn Minh Trung - Toán - Đáp án D', 0, 27),
(89, 'Nguyễn Minh Trung - Toán - Đáp án A', 0, 28),
(90, 'Nguyễn Minh Trung - Toán - Đáp án B', 0, 28),
(91, 'Nguyễn Minh Trung - Toán - Đáp án C', 0, 28),
(92, 'Nguyễn Minh Trung - Toán - Đáp án D', 1, 28);


INSERT INTO `exam` (`id`, `name`, `description`, `topic`) VALUES
(1, 'hóa', 'đề thi cuối kì hóa', 1),
(2, 'sinh', 'đề thi cuối kì sinh', 2),
(3, 'toán', 'đề thi cuối kì toán', 3);

INSERT INTO `exam_question` (`id_exam`, `id_question`) VALUES
(1, 2),
(2, 3),
(3, 9),
(3, 10),
(3, 11),
(3, 12),
(3, 13),
(3, 14),
(3, 15),
(3, 16),
(3, 17),
(3, 18),
(3, 19),
(3, 20),
(3, 21),
(3, 22),
(3, 23),
(3, 24),
(3, 25),
(3, 26),
(3, 27),
(3, 28);
